{"cameraMode":{"drawMode":0,"name":"Shaded","section":"Shading Mode"},"sceneLighting":true,"audioPlay":false,"sceneViewState":{"showFog":true,"showMaterialUpdate":false,"showSkybox":true,"showFlares":true,"showImageEffects":true,"showParticleSystems":true},"in2DMode":false,"pivot":{"x":2.7605202198028566,"y":3.1636240482330324,"z":4.594531059265137},"rotation":{"x":0.05390103906393051,"y":0.05179908499121666,"z":-0.0027999498415738346,"w":0.9971979856491089},"size":15.758476257324219,"orthographic":true}