{"cameraMode":{"drawMode":0,"name":"Shaded","section":"Shading Mode"},"sceneLighting":false,"audioPlay":false,"sceneViewState":{"showFog":true,"showMaterialUpdate":false,"showSkybox":false,"showFlares":true,"showImageEffects":true,"showParticleSystems":true},"in2DMode":false,"pivot":{"x":-0.1899999976158142,"y":0.0,"z":6.239999771118164},"rotation":{"x":0.31890013813972475,"y":0.014794574119150639,"z":-0.004978702869266272,"w":0.9476597905158997},"size":4.286825656890869,"orthographic":false}