{"cameraMode":{"drawMode":0,"name":"Shaded","section":"Shading Mode"},"sceneLighting":false,"audioPlay":false,"sceneViewState":{"showFog":true,"showMaterialUpdate":false,"showSkybox":false,"showFlares":true,"showImageEffects":true,"showParticleSystems":true},"in2DMode":false,"pivot":{"x":-12.888700485229493,"y":10.220000267028809,"z":15.122777938842774},"rotation":{"x":-0.06373675912618637,"y":-0.9141095876693726,"z":0.15842866897583009,"w":-0.3677523732185364},"size":22.0,"orthographic":true}