{"cameraMode":{"drawMode":0,"name":"Shaded","section":"Shading Mode"},"sceneLighting":false,"audioPlay":false,"sceneViewState":{"showFog":true,"showMaterialUpdate":false,"showSkybox":false,"showFlares":true,"showImageEffects":true,"showParticleSystems":true},"in2DMode":false,"pivot":{"x":4.0,"y":11.20198917388916,"z":1.1920928955078126e-7},"rotation":{"x":-0.07373038679361344,"y":-0.01825210452079773,"z":0.0013496478786692024,"w":-0.9971103072166443},"size":3.58146333694458,"orthographic":false}