{"cameraMode":{"drawMode":0,"name":"Shaded","section":"Shading Mode"},"sceneLighting":false,"audioPlay":false,"sceneViewState":{"showFog":true,"showMaterialUpdate":false,"showSkybox":false,"showFlares":true,"showImageEffects":true,"showParticleSystems":true},"in2DMode":false,"pivot":{"x":16.895774841308595,"y":10.582132339477539,"z":0.09562110900878906},"rotation":{"x":-0.07373038679361344,"y":-0.01825210452079773,"z":0.0013496478786692024,"w":-0.9971103072166443},"size":2.1557023525238039,"orthographic":false}