{"cameraMode":{"drawMode":0,"name":"Shaded","section":"Shading Mode"},"sceneLighting":true,"audioPlay":false,"sceneViewState":{"showFog":true,"showMaterialUpdate":false,"showSkybox":true,"showFlares":true,"showImageEffects":true,"showParticleSystems":true},"in2DMode":false,"pivot":{"x":-0.5797898769378662,"y":0.9466094970703125,"z":14.914567947387696},"rotation":{"x":-0.6767922639846802,"y":-0.0011042577680200339,"z":0.0010151832830160857,"w":-0.7361725568771362},"size":72.48247528076172,"orthographic":false}